course_key,course_bk,course_description,course_category,standard_cost,valid_from,valid_to,is_current,version
1,1,GO Orientation,Orientatie,250.0,2026-06-29,,1,1
2,2,GO Communication,Communicatie,400.0,2026-06-29,,1,1
3,3,GO Sales 1,Sales,600.0,2026-06-29,,1,1
4,4,GO Sales 2,Sales,600.0,2026-06-29,,1,1
5,5,GO Marketing 1,Marketing,750.0,2026-06-29,,1,1
6,6,GO Marketing 2,Marketing,750.0,2026-06-29,,1,1
7,7,GO Marketing 3,Marketing,750.0,2026-06-29,,1,1
8,8,GO Management 1,Management,1000.0,2026-06-29,,1,1
9,9,GO Management 2,Management,1000.0,2026-06-29,,1,1
