return_key,return_bk,date_key,product_key,customer_key,region_key,sales_staff_key,return_reason_key,return_quantity,original_quantity,unit_sale_price,return_value,gross_loss
1,1491,20240801,45,388,235,,5,8,8,123.56,988.48,287.44000000000005
2,1492,20231206,47,389,236,,2,2,22,151.77,303.54,127.08000000000001
3,1493,20240624,47,390,237,,4,22,22,134.63,2961.8599999999997,1240.1399999999999
4,1494,20240721,47,383,230,,3,20,20,126.16,2523.2,957.9999999999998
5,1496,20231007,56,386,233,,1,2,28,90.09,180.18,51.46000000000001
6,1497,20230807,57,386,233,,1,2,34,146.83,293.66,97.92000000000002
7,1499,20241104,67,390,237,,2,2,28,29.53,59.06,10.36
8,1500,20230729,68,382,229,,3,16,16,73.5,1176.0,484.48
9,1501,20241028,68,384,231,,2,4,50,66.65,266.6,99.52000000000001
10,1502,20250827,68,383,230,,5,30,30,70.0,2100.0,864.6
11,1503,20240412,69,384,231,,3,32,32,12.56,401.92,184.96
12,1504,20240623,71,383,230,,1,4,62,24.04,96.16,28.679999999999993
13,1505,20230626,73,384,231,,2,2,48,51.24,102.48,38.44
14,1506,20240709,75,382,229,,1,2,52,28.81,57.62,20.72
15,1507,20240707,77,383,230,,1,4,40,29.29,117.16,35.0
16,1508,20251208,78,384,231,,2,2,72,58.9,117.8,36.53999999999999
17,1509,20240815,79,385,232,,1,8,102,25.29,202.32,56.79999999999998
18,1510,20240922,79,386,233,,4,64,64,25.29,1618.56,454.39999999999986
19,1513,20241014,88,384,231,,5,12,12,29.06,348.71999999999997,160.2
20,1514,20250604,6,384,231,,5,24,24,70.0,1680.0,720.0
21,1515,20250715,9,386,233,,1,4,36,17.5,70.0,30.0
22,1516,20251203,10,386,233,,2,6,92,35.0,210.0,90.0
23,1517,20231120,14,387,234,,1,2,30,81.55,163.1,81.55999999999999
24,1519,20251213,17,390,237,,2,4,44,59.99,239.96,55.360000000000014
25,1522,20251005,28,387,234,,1,2,12,124.98,249.96,64.80000000000001
26,1525,20240711,46,380,228,,1,2,20,65.23,130.46,35.96000000000001
27,1527,20250719,51,381,227,,1,4,56,579.52,2318.08,425.79999999999995
28,1528,20240903,55,379,227,,5,82,82,2.05,168.1,84.45999999999998
29,1529,20240826,61,377,226,,3,10,10,14.52,145.2,43.4
30,1531,20240715,72,376,225,,2,2,68,25.94,51.88,15.480000000000004
31,1532,20250607,75,377,226,,2,4,52,27.01,108.04,35.84
32,1533,20240519,77,379,227,,2,2,38,30.84,61.68,20.6
33,1534,20250829,79,380,228,,1,6,82,22.54,135.24,27.42
34,1535,20250810,2,376,225,,1,4,42,37.13,148.52,34.32000000000001
35,1536,20240704,3,377,226,,1,2,32,48.95,97.9,29.180000000000007
36,1537,20241026,3,377,226,,2,2,42,48.95,97.9,29.180000000000007
37,1538,20251124,4,377,226,,2,8,112,7.0,56.0,24.0
38,1539,20250831,7,380,228,,5,28,28,71.98,2015.44,415.80000000000007
39,1542,20251205,20,376,225,,5,18,18,82.5,1485.0,405.0
40,1544,20250626,23,376,225,,2,2,56,14.85,29.7,6.84
41,1545,20251120,27,377,226,,2,2,34,94.05,188.1,29.72
42,1546,20250616,31,379,227,,2,2,26,27.5,55.0,15.0
43,1547,20240417,32,380,228,,1,2,22,92.56,185.12,69.4
44,1549,20240927,33,380,228,,4,16,16,113.73,1819.68,520.0
45,1561,20231223,40,17,2,,3,104,104,6.59,685.36,229.84
46,1562,20240212,41,6,5,,2,4,44,12.53,50.12,11.559999999999995
47,1563,20260125,42,11,9,,2,4,72,21.98,87.92,24.200000000000003
48,1564,20230407,43,17,2,,2,6,84,6.8,40.8,9.419999999999996
49,1565,20230125,44,18,8,,3,52,52,54.93,2856.36,859.5600000000001
50,1566,20230728,45,20,13,,4,20,20,129.72,2594.4,754.4
51,1567,20230719,46,18,8,,5,38,38,62.18,2362.84,524.3999999999999
52,1568,20230122,50,4,2,,1,4,38,370.13,1480.52,423.0
53,1569,20251127,50,6,5,,3,48,48,297.41,14275.68,2275.680000000001
54,1570,20230608,51,5,4,,5,154,154,613.34,94454.36,17351.180000000004
55,1571,20240819,54,17,2,,1,8,144,581.34,4650.72,614.4000000000001
56,1572,20250103,54,19,12,,5,32,32,693.75,22200.0,6054.719999999999
57,1573,20240925,55,20,13,,3,388,388,1.79,694.52,298.76
58,1575,20250216,59,12,9,,5,160,160,104.34,16694.4,4126.4000000000015
59,1576,20240417,68,12,9,,4,152,152,71.02,10795.039999999999,4445.999999999999
60,1577,20250701,68,26,15,,1,2,102,70.0,140.0,57.64
61,1578,20251222,69,10,9,,4,128,128,13.5,1728.0,864.0
62,1579,20240417,70,23,2,,2,12,144,13.64,163.68,70.08000000000001
63,1580,20250727,70,23,2,,2,6,214,13.11,78.66,33.66
64,1581,20230812,72,13,2,,4,208,208,26.97,5609.76,1528.7999999999995
65,1582,20250420,73,7,6,,2,8,398,41.22,329.76,104.79999999999998
66,1583,20240108,74,6,5,,5,88,88,26.54,2335.52,604.5599999999997
67,1584,20241202,74,18,8,,1,24,264,23.04,552.96,110.87999999999994
68,1585,20230311,76,17,2,,1,8,112,47.25,378.0,117.27999999999997
69,1586,20250903,76,17,2,,3,90,90,41.68,3751.2,1163.7
70,1587,20240310,86,19,12,,1,2,34,58.56,117.12,29.58
71,1588,20250418,2,7,6,,5,66,66,39.99,2639.34,755.0400000000001
72,1589,20250607,3,2,2,,2,4,48,52.99,211.96,70.64000000000001
73,1590,20250114,5,17,2,,2,2,62,17.09,34.18,17.12
74,1591,20260204,5,2,2,,2,4,54,18.0,72.0,36.0
75,1592,20250808,6,3,3,,1,4,68,80.0,320.0,160.0
76,1593,20260111,9,1,1,,1,6,174,20.0,120.0,60.0
77,1594,20230414,12,28,1,,2,6,68,48.88,293.28000000000003,97.74
78,1595,20240427,14,11,9,,1,2,40,78.0,156.0,78.0
79,1597,20231020,19,9,8,,2,2,24,122.7,245.4,81.80000000000001
80,1599,20240426,20,15,10,,1,2,32,90.76,181.52,60.52000000000001
81,1600,20251024,22,13,2,,5,32,32,11.14,356.48,82.56
82,1601,20250819,23,13,2,,1,2,74,16.0,32.0,9.14
83,1602,20250925,25,11,9,,1,2,120,40.0,80.0,32.94
84,1603,20231228,27,26,15,,1,2,68,105.29,210.58,42.120000000000005
85,1604,20240502,30,29,8,,2,2,32,73.48,146.96,62.980000000000004
86,1605,20231218,32,5,4,,1,2,44,87.4,174.8,54.260000000000005
87,1606,20241203,32,18,8,,3,72,72,92.56,6664.32,2498.4
88,1607,20230823,33,18,8,,2,2,52,108.38,216.76,50.01999999999998
89,1617,20250412,50,295,172,,3,24,24,325.0,7800.0,1800.0
90,1618,20251014,51,295,172,,2,2,42,579.52,1159.04,212.89999999999998
91,1619,20240929,52,296,173,,2,4,38,509.14,2036.56,442.91999999999985
92,1621,20241204,53,298,175,,4,44,44,611.78,26918.32,5383.839999999998
93,1622,20250824,54,297,174,,5,24,24,673.75,16170.0,4410.0
94,1623,20260105,55,295,172,,2,6,94,1.75,10.5,4.5
95,1624,20260202,63,293,171,,1,4,46,75.0,300.0,50.0
96,1625,20250506,67,297,174,,2,2,52,30.0,60.0,12.0
97,1627,20231122,71,296,173,,1,2,40,27.37,54.74,18.240000000000002
98,1628,20250216,73,293,171,,2,4,106,40.77,163.08,50.60000000000001
99,1629,20240503,74,293,171,,1,2,60,23.89,47.78,10.939999999999998
100,1630,20251220,75,296,173,,5,90,90,27.01,2430.9,806.4000000000001
101,1632,20240123,79,295,172,,3,80,80,25.29,2023.1999999999998,567.9999999999998
102,1633,20241219,79,296,173,,1,6,98,25.29,151.74,42.59999999999999
103,1634,20240412,79,295,172,,4,78,78,25.29,1972.62,553.7999999999998
104,1636,20250420,80,293,171,,2,2,26,32.0,64.0,14.759999999999998
105,1637,20240917,3,296,173,,4,12,12,51.54,618.48,206.16
106,1638,20231015,40,339,203,,1,2,40,6.59,13.18,4.42
107,1639,20230819,42,340,207,,1,6,54,23.8,142.8,39.300000000000004
108,1640,20241015,42,334,203,,2,2,22,20.63,41.26,8.18
109,1642,20250711,43,340,207,,5,62,62,7.0,434.0,124.0
110,1643,20240902,44,356,211,,2,2,20,54.09,108.18,32.56
111,1644,20251030,46,348,207,,3,28,28,64.0,1792.0,493.3599999999999
112,1647,20231201,49,347,208,,2,2,26,19.29,38.58,15.879999999999999
113,1648,20230802,49,334,203,,5,22,22,19.29,424.38,174.67999999999998
114,1649,20241219,49,346,205,,1,2,20,17.4,34.8,14.339999999999996
115,1650,20250319,49,347,208,,1,2,36,17.0,34.0,14.0
116,1651,20240107,53,339,203,,2,2,36,618.19,1236.38,153.12000000000012
117,1652,20250615,55,345,203,,5,108,108,1.7,183.6,75.6
118,1654,20231225,56,347,208,,4,34,34,90.09,3063.06,874.8200000000002
119,1656,20241226,56,338,206,,2,2,32,84.41,168.82,48.239999999999995
120,1657,20250909,56,352,210,,1,2,26,84.0,168.0,48.0
121,1658,20251105,57,348,207,,5,64,64,129.0,8256.0,2752.0
122,1659,20241108,59,345,203,,2,2,22,112.9,225.8,64.54000000000002
123,1660,20241219,61,340,207,,3,8,8,15.28,122.24,40.8
124,1661,20240821,62,334,203,,5,8,8,86.45,691.6,169.60000000000002
125,1663,20230503,63,355,210,,5,42,42,76.86,3228.12,538.0200000000001
126,1664,20250915,64,354,203,,2,2,40,203.96,407.92,74.60000000000002
127,1666,20240325,69,353,203,,4,28,28,13.57,379.96000000000004,190.12
128,1668,20241129,71,348,207,,2,4,62,25.31,101.24,33.75999999999999
129,1669,20250624,71,352,210,,1,4,68,22.5,90.0,23.319999999999993
130,1670,20251207,71,346,205,,1,8,84,25.0,200.0,66.63999999999999
131,1671,20230530,72,351,210,,1,6,64,29.44,176.64000000000001,58.92
132,1672,20231214,72,346,205,,3,60,60,29.44,1766.4,589.2
133,1673,20240907,72,345,203,,2,4,64,24.12,96.48,23.680000000000007
134,1674,20241018,72,348,207,,2,6,68,27.3,163.8,54.60000000000001
135,1675,20241005,73,351,210,,1,4,48,40.22,160.88,45.11999999999999
136,1676,20250622,73,351,210,,1,2,116,44.99,89.98,33.74
137,1677,20251031,73,338,206,,2,8,72,44.99,359.92,134.96
138,1678,20240608,74,344,210,,2,4,66,22.61,90.44,16.75999999999999
139,1679,20251126,74,350,203,,2,4,76,22.12,88.48,17.36
140,1681,20251117,76,334,203,,1,2,58,40.81,81.62,24.120000000000005
141,1682,20251018,77,348,207,,5,38,38,30.0,1140.0,380.0
142,1683,20250619,78,339,203,,1,2,50,57.68,115.36,34.099999999999994
143,1684,20230802,80,346,205,,1,2,20,35.09,70.18,16.180000000000007
144,1685,20240601,80,334,203,,2,2,22,32.7,65.4,15.100000000000009
145,1686,20240810,86,350,203,,1,2,26,56.59,113.18,25.64
146,1687,20250102,2,354,203,,1,2,22,35.54,71.08,14.68
147,1688,20240422,3,345,203,,3,44,44,45.52,2002.88,491.0400000000002
148,1689,20240803,3,348,207,,2,2,44,51.54,103.08,34.36
149,1690,20241029,4,348,207,,1,6,64,7.8,46.8,23.4
150,1691,20250108,9,354,203,,1,4,66,16.31,65.24,25.679999999999993
151,1692,20251104,9,350,203,,2,4,54,17.0,68.0,28.0
152,1693,20250728,13,348,207,,1,4,54,40.0,160.0,80.0
153,1694,20251003,13,355,210,,1,14,166,40.0,560.0,280.0
154,1695,20250422,13,349,208,,1,6,174,40.0,240.0,120.0
155,1696,20230912,14,349,208,,1,4,62,81.55,326.2,163.11999999999998
156,1697,20240517,14,356,211,,5,98,98,78.0,7644.0,3822.0
157,1700,20251023,22,355,210,,4,26,26,11.98,311.48,88.92
158,1701,20241212,23,340,207,,1,2,52,16.02,32.04,9.18
159,1702,20240718,23,348,207,,1,2,34,16.02,32.04,9.18
160,1703,20230729,25,340,207,,1,4,44,40.52,162.08,66.72000000000001
161,1704,20230306,26,339,203,,1,2,58,92.29,184.58,92.32000000000001
162,1706,20250330,30,354,203,,5,28,28,80.0,2240.0,1120.0
163,1709,20251110,32,351,210,,2,4,42,79.87,319.48,94.48000000000002
164,1710,20231020,33,339,203,,1,2,28,116.73,233.46,66.72
165,1712,20250707,40,301,178,,1,8,96,5.69,45.52,13.520000000000003
166,1713,20251211,42,301,178,,1,2,38,21.07,42.14,10.280000000000001
167,1714,20241009,47,302,179,,2,2,22,126.16,252.32,95.79999999999998
168,1715,20240619,48,301,178,,3,12,12,11.71,140.52,30.840000000000003
169,1716,20241116,50,300,177,,1,2,16,339.1,678.2,172.06000000000006
170,1717,20250831,56,303,180,,4,24,24,80.4,1929.6000000000001,489.60000000000014
171,1721,20251202,71,300,177,,2,4,62,23.75,95.0,28.319999999999993
172,1722,20240726,72,301,178,,3,60,60,25.94,1556.4,464.4000000000001
173,1723,20231012,73,303,180,,2,2,40,51.24,102.48,38.44
174,1724,20240814,73,299,176,,4,62,62,46.31,2871.2200000000003,1076.94
175,1725,20240403,74,303,180,,5,48,48,23.89,1146.72,262.55999999999995
176,1727,20250826,13,303,180,,3,58,58,37.0,2146.0,986.0
177,1730,20230730,43,182,101,,4,68,68,7.32,497.76,142.12
178,1733,20240910,53,182,101,,2,2,60,598.53,1197.06,218.2199999999999
179,1734,20240804,54,173,99,,4,18,18,756.82,13622.76,4541.040000000001
180,1735,20240821,56,184,107,,5,46,46,75.97,3494.62,721.28
181,1736,20241014,57,173,99,,5,56,56,118.15,6616.400000000001,1623.4400000000005
182,1738,20250107,60,183,99,,1,2,28,34.22,68.44,7.8799999999999955
183,1739,20240506,63,180,109,,1,6,118,76.73,460.38,76.68
184,1740,20241029,63,176,105,,1,4,76,76.73,306.92,51.120000000000005
185,1741,20250909,64,174,99,,1,2,60,229.16,458.32,125.0
186,1742,20231022,70,183,99,,1,6,84,16.29,97.74,48.89999999999999
187,1743,20230406,72,174,99,,1,14,186,29.44,412.16,137.48000000000002
188,1744,20240725,73,172,102,,2,4,184,40.22,160.88,45.11999999999999
189,1745,20240406,75,165,99,,2,14,142,30.64,428.96000000000004,170.66000000000003
190,1747,20250520,78,182,101,,2,10,122,65.0,650.0,243.7
191,1748,20230407,79,181,104,,5,194,194,27.81,5395.139999999999,1513.1999999999994
192,1749,20250507,85,190,102,,5,32,32,74.0,2368.0,676.48
193,1750,20250325,86,178,107,,5,60,60,59.95,3597.0,907.2000000000003
194,1752,20250512,4,189,112,,2,8,126,7.0,56.0,24.0
195,1753,20250410,9,170,103,,5,68,68,16.5,1122.0,442.0
196,1754,20260107,9,189,112,,2,4,136,20.0,80.0,40.0
197,1755,20250516,10,175,104,,1,6,116,40.0,240.0,120.0
198,1756,20240728,14,187,100,,1,2,82,64.34,128.68,50.68000000000001
199,1757,20241117,17,192,99,,2,8,74,60.06,480.48,110.88
200,1758,20240716,17,170,103,,1,6,84,55.2,331.20000000000005,54.0
201,1760,20231020,19,170,103,,1,2,28,122.7,245.4,81.80000000000001
202,1761,20241125,22,183,99,,1,2,48,10.94,21.88,4.52
203,1762,20240918,22,184,107,,1,2,38,10.94,21.88,4.52
204,1763,20240820,23,185,110,,2,8,80,14.4,115.2,23.760000000000005
205,1764,20240520,26,181,104,,4,70,70,74.77,5233.9,2062.1999999999994
206,1765,20231105,31,181,104,,1,4,64,32.72,130.88,43.64
207,1766,20250915,31,180,109,,3,92,92,27.5,2530.0,690.0
208,1767,20230219,33,181,104,,5,24,24,116.73,2801.52,800.64
209,1768,20240421,40,53,29,,2,12,298,4.84,58.08,9.96
210,1769,20240714,41,52,19,,1,22,212,10.9,239.8,34.760000000000005
211,1770,20250119,42,51,28,,2,2,34,22.84,45.68,12.600000000000001
212,1771,20241017,43,54,17,,5,80,80,6.44,515.2,106.4
213,1772,20250218,44,51,28,,1,2,50,50.0,100.0,30.060000000000002
214,1774,20250314,46,47,18,,1,6,104,64.0,384.0,105.71999999999998
215,1775,20251027,49,51,28,,1,6,110,17.0,102.0,42.0
216,1776,20250216,50,55,20,,1,8,122,329.82,2638.56,638.56
217,1777,20230616,53,38,22,,1,4,76,644.57,2578.28,411.7600000000002
218,1778,20250901,54,48,26,,5,70,70,573.71,40159.700000000004,5859.700000000003
219,1779,20251024,54,57,30,,1,2,56,637.0,1274.0,294.0
220,1780,20240426,55,35,20,,1,12,282,2.05,24.599999999999998,12.359999999999998
221,1781,20260112,56,56,17,,2,6,126,75.58,453.48,93.47999999999999
222,1782,20240718,57,54,17,,2,6,72,133.75,802.5,267.54
223,1783,20230722,61,55,20,,2,2,20,17.65,35.3,11.759999999999998
224,1784,20260102,61,49,27,,1,2,26,15.0,30.0,10.0
225,1785,20240427,63,57,30,,2,16,170,76.73,1227.68,204.48000000000002
226,1787,20240420,64,39,17,,1,8,110,228.13,1825.04,447.68000000000006
227,1788,20251022,64,58,31,,2,2,62,216.66,433.32,100.0
228,1789,20230722,68,54,17,,3,30,30,73.5,2205.0,908.4000000000001
229,1790,20250801,68,50,17,,2,2,24,59.9,119.8,37.44
230,1791,20251110,70,50,17,,1,2,52,15.0,30.0,15.0
231,1792,20251125,76,55,20,,2,4,112,46.0,184.0,69.0
232,1793,20231203,77,34,19,,5,66,66,31.55,2082.3,693.6600000000001
233,1794,20241117,78,58,31,,1,6,146,57.91,347.46,97.55999999999999
234,1795,20240413,78,35,20,,3,54,54,66.66,3599.64,1350.54
235,1796,20250901,80,56,17,,1,2,42,29.04,58.08,8.839999999999996
236,1797,20250912,5,56,17,,1,4,54,14.39,57.56,21.560000000000002
237,1799,20250426,8,59,32,,1,6,68,53.06,318.36,41.46000000000002
238,1800,20250527,9,34,19,,1,4,96,20.0,80.0,40.0
239,1801,20250220,10,56,17,,1,6,144,40.0,240.0,120.0
240,1802,20250104,14,39,17,,1,8,128,78.0,624.0,312.0
241,1803,20240410,18,36,18,,1,2,28,104.54,209.08,69.70000000000002
242,1804,20251215,19,61,29,,1,8,84,120.0,960.0,320.0
243,1805,20230821,26,54,17,,1,8,90,92.29,738.32,369.28000000000003
244,1806,20251205,27,49,27,,1,6,116,86.48,518.88,43.74000000000004
245,1807,20251014,28,32,17,,1,2,36,124.98,249.96,64.80000000000001
246,1808,20251018,40,267,155,,5,154,154,5.59,860.86,244.85999999999999
247,1809,20241106,42,267,155,,2,6,64,21.57,129.42000000000002,30.180000000000007
248,1810,20250703,43,266,154,,2,6,104,6.59,39.54,9.54
249,1811,20230921,44,268,156,,1,2,24,54.93,109.86,33.06
250,1812,20251004,44,268,156,,1,4,54,50.0,200.0,60.120000000000005
251,1814,20241214,51,264,152,,3,34,34,633.0,21522.0,4966.719999999999
252,1815,20250727,52,262,150,,5,36,36,502.51,18090.36,3957.84
253,1816,20231203,53,268,156,,2,2,36,624.47,1248.94,165.68000000000006
254,1817,20241116,56,269,153,,1,2,32,79.58,159.16,38.58
255,1818,20240131,57,263,151,,1,2,42,146.83,293.66,97.92000000000002
256,1819,20230730,60,267,155,,5,18,18,40.65,731.6999999999999,121.85999999999993
257,1824,20241021,63,268,156,,5,38,38,74.18,2818.84,388.7400000000001
258,1825,20241019,67,269,153,,5,28,28,29.21,817.88,136.07999999999998
259,1828,20230828,69,269,153,,4,30,30,14.77,443.09999999999997,221.7
260,1829,20230414,69,269,153,,5,36,36,14.77,531.72,266.03999999999996
261,1830,20241029,71,269,153,,3,90,90,23.62,2125.8,607.5
262,1831,20230429,72,268,156,,2,6,128,29.44,176.64000000000001,58.92
263,1832,20240518,74,267,155,,1,2,90,24.86,49.72,12.879999999999995
264,1833,20240509,85,261,149,,1,2,18,73.55,147.1,42.019999999999996
265,1834,20240831,85,268,156,,5,14,14,69.34,970.76,235.20000000000005
266,1835,20240729,2,265,153,,4,20,20,39.49,789.8000000000001,225.80000000000007
267,1836,20240831,2,268,156,,4,20,20,37.22,744.4,180.39999999999998
268,1837,20240831,2,262,150,,2,2,28,37.22,74.44,18.04
269,1838,20240909,3,268,156,,5,38,38,48.09,1827.42,521.7400000000001
270,1839,20240613,3,267,155,,3,16,16,51.54,824.64,274.88
271,1840,20241028,4,264,152,,3,84,84,7.8,655.1999999999999,327.59999999999997
272,1842,20250926,6,261,149,,3,24,24,72.0,1728.0,768.0
273,1843,20250218,7,262,150,,1,2,34,75.08,150.16,36.39999999999999
274,1846,20251121,10,262,150,,2,4,20,36.0,144.0,64.0
275,1847,20231115,13,272,152,,2,4,48,41.61,166.44,83.24
276,1848,20230822,13,264,152,,1,4,62,41.61,166.44,83.24
277,1849,20230926,14,261,149,,5,62,62,81.55,5056.099999999999,2528.3599999999997
278,1851,20251205,20,265,153,,5,26,26,90.0,2340.0,780.0
279,1852,20240819,23,266,154,,1,2,110,16.02,32.04,9.18
280,1853,20240611,26,267,155,,1,6,86,90.63,543.78,271.91999999999996
281,1855,20230522,33,266,154,,5,22,22,116.73,2568.06,733.92
282,1856,20240424,41,215,120,,2,2,34,12.13,24.26,5.620000000000001
283,1859,20250302,78,216,121,,5,18,18,65.0,1170.0,438.65999999999997
284,1860,20250926,9,228,119,,2,4,28,20.0,80.0,40.0
285,1861,20250715,12,227,120,,5,22,22,42.75,940.5,280.5
286,1862,20240805,13,205,120,,2,4,114,40.2,160.8,80.4
287,1863,20240222,14,215,120,,1,2,42,78.0,156.0,78.0
288,1864,20250824,15,228,119,,3,32,32,90.0,2880.0,1440.0
289,1865,20250414,17,215,120,,2,2,40,57.9,115.8,23.5
290,1867,20250616,25,226,119,,5,50,50,37.52,1876.0000000000002,699.5000000000001
291,1868,20241128,25,215,120,,2,2,56,40.02,80.04,32.96000000000001
292,1869,20250317,26,216,121,,2,2,64,90.0,180.0,90.0
293,1871,20241106,26,216,121,,1,4,50,90.63,362.52,181.27999999999997
294,1872,20250910,30,215,120,,3,30,30,74.0,2220.0,1020.0
295,1873,20250807,31,205,120,,1,2,44,28.5,57.0,17.0
296,1874,20250417,32,205,120,,2,2,30,84.93,169.86,57.360000000000014
297,1879,20240911,42,200,114,,2,2,36,22.84,45.68,12.600000000000001
298,1880,20230305,43,195,114,,2,2,26,7.32,14.64,4.18
299,1882,20250116,49,197,115,,4,22,22,15.25,335.5,115.5
300,1884,20250821,57,200,114,,2,2,36,129.0,258.0,86.0
301,1885,20241118,61,196,114,,3,8,8,15.28,122.24,40.8
302,1886,20240909,63,194,113,,2,4,38,73.54,294.16,38.360000000000014
303,1887,20230424,67,198,116,,2,2,24,33.59,67.18,13.440000000000005
304,1888,20240906,70,201,114,,2,2,32,15.6,31.2,15.6
305,1889,20250725,70,203,118,,1,2,40,15.0,30.0,15.0
306,1890,20241117,71,194,113,,2,4,60,23.2,92.8,25.319999999999993
307,1891,20240406,75,197,115,,3,48,48,27.6,1324.8000000000002,439.2000000000001
308,1892,20251107,75,203,118,,1,4,64,29.98,119.92,47.72
309,1893,20230301,76,196,114,,2,2,52,52.15,104.3,39.11999999999999
310,1894,20240117,78,200,114,,1,2,38,67.73,135.46,50.80000000000001
311,1895,20240102,79,196,114,,3,68,68,27.81,1891.08,530.3999999999999
312,1896,20240415,9,198,116,,5,8,8,19.78,158.24,79.12
313,1898,20240512,12,200,114,,2,2,32,45.97,91.94,30.68
314,1899,20250107,12,201,114,,2,2,28,42.13,84.26,23.000000000000007
315,1900,20240402,13,203,118,,5,46,46,40.2,1849.2,924.6
316,1902,20240101,22,195,114,,1,2,24,12.78,25.56,7.299999999999997
317,1903,20241022,22,203,118,,5,28,28,12.15,340.2,97.16000000000003
318,1904,20250901,22,197,115,,1,2,34,11.14,22.28,5.16
319,1905,20251201,22,196,114,,1,2,30,11.14,22.28,5.16
320,1906,20240429,25,202,114,,2,4,50,40.02,160.08,65.92000000000002
321,1907,20260126,30,196,114,,2,2,26,70.0,140.0,60.0
322,1908,20250522,31,200,114,,2,2,38,30.0,60.0,20.0
323,1909,20240929,40,257,145,,1,12,156,6.03,72.36,24.240000000000006
324,1910,20251101,41,256,139,,1,6,106,11.98,71.88,16.56
325,1911,20251030,42,256,139,,4,112,112,19.87,2225.44,441.28000000000014
326,1912,20241208,43,253,142,,2,8,106,7.15,57.2,16.32
327,1913,20250331,43,257,145,,2,26,254,6.3,163.79999999999998,33.8
328,1914,20250415,43,255,139,,5,164,164,7.0,1148.0,328.0
329,1915,20250118,44,246,138,,1,4,40,54.09,216.36,65.12
330,1917,20251015,45,257,145,,3,28,28,107.79,3018.1200000000003,635.0400000000002
331,1918,20250425,45,255,139,,5,22,22,120.0,2640.0,767.58
332,1920,20230528,46,253,142,,5,18,18,66.77,1201.86,331.01999999999987
333,1921,20250827,47,256,139,,1,2,26,129.0,258.0,108.0
334,1923,20250424,48,255,139,,2,4,54,11.97,47.88,11.880000000000003
335,1925,20250809,51,241,134,,1,2,36,525.11,1050.22,104.08000000000004
336,1926,20251111,51,253,142,,1,2,54,565.33,1130.66,184.5200000000001
337,1928,20230502,60,256,139,,4,18,18,40.65,731.6999999999999,121.85999999999993
338,1929,20240628,64,256,139,,2,2,24,258.26,516.52,172.18
339,1930,20250831,67,245,137,,1,2,34,27.89,55.78,7.780000000000001
340,1931,20230707,71,260,148,,2,2,48,27.37,54.74,18.240000000000002
341,1932,20250410,72,255,139,,5,112,112,27.0,3024.0,1008.0
342,1933,20230720,73,255,139,,3,46,46,51.24,2357.04,884.1199999999999
343,1934,20251110,73,257,145,,1,4,228,39.08,156.32,43.83999999999999
344,1935,20250516,74,253,142,,1,8,118,21.81,174.48,32.23999999999998
345,1937,20250831,75,255,139,,1,6,58,29.98,179.88,71.58
346,1938,20230918,78,255,139,,5,28,28,67.73,1896.44,711.2000000000002
347,1939,20251020,79,254,144,,3,172,172,22.54,3876.8799999999997,786.0400000000001
348,1940,20230916,80,255,139,,5,18,18,35.09,631.6200000000001,145.62000000000006
349,1942,20240823,4,253,142,,3,52,52,7.8,405.59999999999997,202.79999999999998
350,1943,20240514,4,253,142,,5,104,104,7.8,811.1999999999999,405.59999999999997
351,1944,20251026,7,257,145,,5,28,28,71.98,2015.44,415.80000000000007
352,1945,20250823,7,241,134,,2,4,30,79.98,319.92,91.4
353,1947,20240729,8,245,137,,2,2,24,59.25,118.5,27.340000000000003
354,1948,20240717,9,248,140,,2,2,16,19.78,39.56,19.78
355,1950,20240504,10,256,139,,1,4,38,39.04,156.16,78.08
356,1951,20241109,13,260,148,,1,8,82,40.2,321.6,160.8
357,1952,20240629,13,260,148,,1,4,64,40.2,160.8,80.4
358,1955,20230711,19,260,148,,2,2,18,122.7,245.4,81.80000000000001
359,1956,20241023,19,243,136,,1,2,24,122.06,244.12,81.38
360,1958,20250727,19,260,148,,2,2,24,120.0,240.0,80.0
361,1959,20230617,23,245,137,,2,2,46,16.64,33.28,9.5
362,1960,20240424,23,255,139,,3,84,84,16.02,1345.68,385.56
363,1961,20240713,26,257,145,,5,86,86,90.63,7794.179999999999,3897.5199999999995
364,1962,20251229,26,246,138,,1,10,106,74.25,742.5,292.5
365,1963,20250120,27,259,147,,2,2,38,103.37,206.74,41.360000000000014
366,1964,20231028,32,254,144,,5,28,28,96.44,2700.3199999999997,1012.7599999999999
367,1965,20231006,33,241,134,,4,12,12,116.73,1400.76,400.32
368,1967,20230720,40,286,166,,2,2,58,6.59,13.18,4.42
369,1968,20230622,43,286,166,,1,4,52,7.32,29.28,8.36
370,1970,20251202,44,286,166,,2,2,24,50.0,100.0,30.060000000000002
371,1972,20250904,46,283,165,,1,2,20,56.95,113.9,21.14
372,1973,20231019,52,283,165,,2,4,38,546.44,2185.76,460.08000000000015
373,1974,20231109,54,283,165,,1,2,16,626.94,1253.88,144.70000000000005
374,1975,20240809,54,284,165,,4,16,16,593.5,9496.0,1423.3599999999997
375,1976,20240706,55,287,167,,5,64,64,2.05,131.2,65.91999999999999
376,1977,20230818,56,286,166,,1,2,34,90.09,180.18,51.46000000000001
377,1978,20250823,57,286,166,,1,2,40,111.8,223.6,51.599999999999994
378,1979,20240706,69,284,165,,4,22,22,13.57,298.54,149.38
379,1980,20231122,72,283,165,,1,6,70,29.44,176.64000000000001,58.92
380,1981,20231017,73,286,166,,3,54,54,51.24,2766.96,1037.8799999999999
381,1982,20230602,75,287,167,,4,42,42,34.9,1465.8,582.5399999999998
382,1983,20250811,75,283,165,,5,40,40,25.21,1008.4000000000001,286.4
383,1984,20250815,79,284,165,,1,4,56,22.19,88.76,16.88000000000001
384,1986,20251017,2,289,168,,2,4,64,35.41,141.64,27.439999999999984
385,1987,20250714,3,286,166,,1,6,56,45.91,275.46,63.47999999999999
386,1990,20230705,42,230,125,,4,34,34,23.8,809.2,222.70000000000002
387,1991,20241112,42,231,126,,1,4,54,22.84,91.36,25.200000000000003
388,1992,20231212,44,230,125,,2,2,16,54.93,109.86,33.06
389,1993,20240701,44,238,124,,2,2,22,54.09,108.18,32.56
390,1996,20240818,47,239,130,,2,2,22,134.63,269.26,112.73999999999998
391,1997,20250723,47,239,130,,4,22,22,115.5,2541.0,891.0
392,1999,20240521,52,233,128,,1,2,32,448.57,897.14,100.31999999999994
393,2003,20240907,55,233,128,,1,8,86,2.05,16.4,8.239999999999998
394,2004,20250918,59,240,133,,4,38,38,102.13,3880.9399999999996,896.04
395,2007,20240509,61,231,126,,4,8,8,15.28,122.24,40.8
396,2008,20231031,62,240,133,,3,8,8,104.48,835.84,278.56000000000006
397,2009,20230612,64,234,129,,2,2,14,285.89,571.78,190.57999999999998
398,2010,20241005,70,233,128,,2,2,44,15.6,31.2,15.6
399,2011,20231024,72,239,130,,2,4,50,29.44,117.76,39.28
400,2012,20240507,72,233,128,,1,6,72,27.3,163.8,54.60000000000001
401,2013,20230702,74,232,127,,1,2,40,26.54,53.08,13.739999999999995
402,2014,20240511,74,240,133,,2,2,68,24.86,49.72,12.879999999999995
403,2015,20250909,74,229,124,,1,2,66,24.0,48.0,12.439999999999998
404,2016,20251108,78,233,128,,2,6,60,65.0,390.0,146.21999999999997
405,2017,20230417,79,229,124,,2,4,72,27.81,111.24,31.19999999999999
406,2019,20250312,80,232,127,,2,2,32,30.14,60.28,11.04
407,2020,20250208,86,229,124,,1,4,36,59.95,239.8,60.48000000000002
408,2021,20241107,3,232,127,,1,6,58,51.54,309.24,103.08
409,2024,20250909,7,237,132,,2,4,32,79.98,319.92,91.4
410,2025,20240729,9,230,125,,1,2,58,18.29,36.58,16.799999999999997
411,2026,20241002,10,231,126,,3,42,42,39.04,1639.68,819.84
412,2028,20250310,10,231,126,,1,6,66,35.0,210.0,90.0
413,2030,20240921,17,233,128,,4,32,32,60.06,1921.92,443.52
414,2032,20241109,18,230,125,,5,8,8,104.54,836.32,278.80000000000007
415,2034,20230927,22,229,124,,4,24,24,12.78,306.71999999999997,87.59999999999997
416,2035,20230503,23,229,124,,5,48,48,16.64,798.72,228.0
417,2036,20240903,23,233,128,,2,2,34,16.02,32.04,9.18
418,2037,20240421,26,230,125,,1,4,50,83.84,335.36,154.12
419,2038,20240628,28,234,129,,2,2,12,128.42,256.84,58.87999999999997
420,2040,20241111,33,230,125,,4,18,18,113.73,2047.14,585.0
421,2042,20251015,40,371,220,,1,6,66,5.4,32.400000000000006,8.400000000000002
422,2043,20250328,41,371,220,,5,90,90,11.15,1003.5,173.7
423,2047,20250719,51,369,216,,2,4,68,581.71,2326.84,434.5600000000002
424,2048,20250918,52,361,214,,1,4,44,529.98,2119.92,549.6400000000001
425,2049,20250529,52,364,217,,2,4,46,498.89,1995.56,425.28
426,2050,20241010,54,359,212,,2,2,18,695.84,1391.68,382.6
427,2051,20251020,54,363,216,,4,38,38,661.5,25137.0,6517.0
428,2052,20251119,57,371,220,,1,2,58,116.08,232.16,60.16
429,2055,20240801,73,363,216,,1,10,98,46.31,463.1,173.70000000000002
430,2057,20240326,3,369,216,,5,30,30,51.54,1546.2,515.4
431,2058,20250818,3,359,212,,5,44,44,47.68,2097.92,543.4000000000001
432,2060,20251015,13,361,214,,1,6,90,40.0,240.0,120.0
433,2061,20240621,19,362,215,,2,2,20,122.06,244.12,81.38
434,2062,20240514,22,369,216,,2,2,32,12.15,24.3,6.940000000000001
435,2064,20251010,22,364,217,,3,34,34,11.98,407.32,116.28
436,2065,20251023,23,363,216,,5,74,74,16.0,1184.0,338.18
437,2066,20251017,27,364,217,,1,4,50,93.05,372.2,55.44
438,2067,20241002,28,362,215,,1,2,20,133.63,267.26,69.29999999999998
439,2072,20241219,40,86,54,,5,40,40,6.03,241.20000000000002,80.80000000000001
440,2073,20240604,40,126,36,,3,40,40,6.03,241.20000000000002,80.80000000000001
441,2074,20250729,40,77,45,,1,4,40,6.0,24.0,8.0
442,2075,20241106,41,126,36,,5,40,40,12.13,485.20000000000005,112.40000000000002
443,2076,20241129,41,164,98,,2,2,40,12.13,24.26,5.620000000000001
444,2077,20250503,41,97,62,,2,2,40,11.98,23.96,5.52
445,2078,20260103,42,126,36,,2,4,30,21.98,87.92,24.200000000000003
446,2083,20251009,47,123,77,,5,18,18,107.4,1933.2,583.2
447,2085,20241011,48,99,64,,5,10,10,12.15,121.5,30.099999999999998
448,2088,20250621,49,75,43,,5,20,20,17.0,340.0,140.0
449,2091,20240913,50,121,59,,1,2,18,354.29,708.58,202.44000000000005
450,2092,20240611,50,97,62,,2,2,16,318.86,637.72,131.58000000000004
451,2093,20250715,50,98,63,,5,18,18,350.0,6300.0,1800.0
452,2095,20230624,51,67,38,,3,40,40,613.34,24533.600000000002,4506.800000000001
453,2097,20240411,51,97,62,,1,2,24,581.86,1163.72,189.88
454,2098,20250427,51,68,39,,2,2,42,571.16,1142.32,196.17999999999995
455,2099,20250419,51,82,50,,1,2,44,570.14,1140.28,194.14
456,2100,20240410,52,123,77,,3,28,28,484.17,13556.76,2401.2799999999997
457,2102,20240426,53,67,38,,5,32,32,581.19,18598.08,2936.6400000000012
458,2103,20251113,53,155,38,,3,34,34,595.0,20230.0,4046.0
459,2104,20230407,54,65,36,,1,2,14,831.88,1663.76,554.5799999999999
460,2107,20231028,55,153,94,,5,112,112,2.06,230.72,116.48
461,2108,20250606,55,64,35,,1,12,178,2.0,24.0,12.0
462,2109,20230605,56,78,46,,4,26,26,90.09,2342.34,668.9800000000001
463,2110,20240905,56,93,59,,4,18,18,84.41,1519.3799999999999,434.15999999999997
464,2111,20241225,56,85,53,,4,28,28,75.97,2127.16,439.03999999999996
465,2112,20250310,56,92,59,,1,2,28,84.0,168.0,48.0
466,2113,20250805,56,135,69,,4,26,26,84.0,2184.0,624.0
467,2114,20231127,57,101,65,,1,2,32,146.83,293.66,97.92000000000002
468,2116,20230727,57,72,40,,2,2,30,146.83,293.66,97.92000000000002
469,2118,20230227,57,82,50,,2,4,60,146.83,587.32,195.84000000000003
470,2119,20230406,59,83,51,,3,14,14,127.27,1781.78,509.03999999999996
471,2122,20231208,63,65,36,,4,20,20,76.86,1537.2,256.20000000000005
472,2123,20230208,63,69,40,,3,30,30,76.86,2305.8,384.30000000000007
473,2124,20250726,63,64,35,,1,2,32,75.0,150.0,25.0
474,2126,20250926,64,131,81,,4,42,42,250.0,10500.0,3500.28
475,2127,20240702,67,100,61,,1,2,22,30.44,60.88,12.18
476,2131,20230126,68,140,50,,1,2,22,73.5,147.0,60.56
477,2132,20230831,68,139,59,,1,2,24,73.5,147.0,60.56
478,2133,20231005,68,127,79,,5,18,18,73.5,1323.0,545.04
479,2135,20250115,68,136,82,,2,2,20,71.02,142.04,58.499999999999986
480,2136,20240714,68,111,53,,2,2,16,71.02,142.04,58.499999999999986
481,2137,20240601,68,73,40,,5,20,20,71.02,1420.3999999999999,584.9999999999999
482,2140,20251210,68,105,66,,5,12,12,70.0,840.0,345.84000000000003
483,2141,20240721,69,100,61,,1,2,20,13.57,27.14,13.58
484,2142,20250419,69,103,40,,5,24,24,13.5,324.0,162.0
485,2143,20231115,71,72,40,,1,4,44,27.37,109.48,36.480000000000004
486,2144,20240620,71,75,43,,2,4,42,25.31,101.24,33.75999999999999
487,2145,20250218,71,81,49,,3,60,60,21.67,1300.2,300.0
488,2146,20231011,72,93,59,,1,4,46,29.44,117.76,39.28
489,2147,20251026,72,116,74,,3,60,60,27.0,1620.0,540.0
490,2148,20251022,73,122,60,,2,8,92,44.99,359.92,134.96
491,2149,20230603,75,99,64,,1,2,64,34.9,69.8,27.739999999999995
492,2150,20231027,75,97,62,,1,4,46,34.9,139.6,55.47999999999999
493,2151,20230703,75,164,98,,1,4,34,34.9,139.6,55.47999999999999
494,2152,20241026,75,164,98,,4,56,56,30.64,1715.8400000000001,682.6400000000001
495,2154,20230131,78,87,55,,1,2,26,67.73,135.46,50.80000000000001
496,2155,20240408,78,123,77,,1,2,54,66.66,133.32,50.019999999999996
497,2156,20230525,79,121,59,,2,6,70,27.81,166.85999999999999,46.79999999999998
498,2157,20240614,79,67,38,,1,2,58,23.51,47.02,10.64
499,2158,20240410,79,161,60,,5,52,52,22.79,1185.08,239.19999999999987
500,2159,20251211,79,67,38,,1,4,46,25.0,100.0,28.120000000000005
501,2160,20250705,80,163,77,,2,2,16,29.04,58.08,8.839999999999996
502,2161,20241020,86,98,63,,5,20,20,63.49,1269.8,394.4
503,2162,20251024,2,134,66,,5,12,12,39.99,479.88,137.28000000000003
504,2163,20250124,3,88,56,,1,2,26,51.54,103.08,34.36
505,2164,20241023,3,161,60,,5,18,18,51.54,927.72,309.24
506,2165,20250609,4,134,66,,5,52,52,6.4,332.8,124.80000000000001
507,2166,20250424,4,132,70,,4,66,66,8.0,528.0,264.0
508,2169,20241022,6,85,53,,5,16,16,77.94,1247.04,623.52
509,2170,20240417,6,99,64,,3,26,26,77.94,2026.44,1013.22
510,2171,20251223,6,97,62,,5,12,12,80.0,960.0,480.0
511,2176,20241217,8,81,49,,4,4,4,59.25,237.0,54.68000000000001
512,2178,20250803,8,98,63,,1,4,18,56.52,226.08,41.48000000000002
513,2179,20240904,9,161,60,,1,4,42,19.78,79.12,39.56
514,2182,20250727,10,162,70,,2,4,52,40.0,160.0,80.0
515,2183,20231016,12,127,79,,2,4,52,48.88,195.52,65.16
516,2184,20240820,12,156,96,,2,2,32,45.97,91.94,30.68
517,2185,20250516,13,111,53,,2,2,62,40.0,80.0,40.0
518,2186,20251021,14,124,78,,5,36,36,78.0,2808.0,1404.0
519,2187,20250819,14,132,70,,1,4,48,78.0,312.0,156.0
520,2188,20230719,15,133,77,,1,2,28,98.01,196.02,98.02000000000001
521,2189,20240628,15,121,59,,2,2,24,92.91,185.82,92.91999999999999
522,2191,20231103,18,90,36,,5,10,10,106.87,1068.7,356.20000000000005
523,2192,20250529,19,153,94,,5,20,20,120.0,2400.0,800.0
524,2193,20231029,20,72,40,,5,30,30,95.62,2868.6000000000004,956.1000000000001
525,2194,20240714,20,73,40,,1,2,22,90.76,181.52,60.52000000000001
526,2195,20241014,22,127,79,,2,2,26,12.15,24.3,6.940000000000001
527,2196,20250604,22,136,82,,1,4,30,11.98,47.92,13.68
528,2198,20230208,23,157,40,,5,76,76,16.64,1264.64,361.0
529,2199,20240922,23,136,82,,2,4,52,16.02,64.08,18.36
530,2200,20250929,23,127,79,,1,4,46,16.0,64.0,18.28
531,2201,20251102,23,72,40,,1,8,80,16.0,128.0,36.56
532,2204,20241110,25,77,45,,2,2,48,40.02,80.04,32.96000000000001
533,2205,20241112,25,86,54,,1,2,34,40.02,80.04,32.96000000000001
534,2206,20250821,25,133,77,,1,2,20,40.0,80.0,32.94
535,2207,20240127,26,132,70,,2,4,52,92.29,369.16,184.64000000000001
536,2208,20250108,26,97,62,,1,2,42,74.77,149.54,58.91999999999999
537,2209,20231005,31,164,98,,2,2,34,32.72,65.44,21.82
538,2211,20250917,31,122,60,,2,4,48,30.0,120.0,40.0
539,2212,20230717,32,133,77,,5,24,24,96.44,2314.56,868.0799999999999
540,2214,20240626,32,134,66,,1,2,28,83.88,167.76,52.03999999999999
541,2216,20250515,33,84,52,,3,28,28,109.98,3079.44,880.0400000000002
542,2217,20250616,33,122,60,,1,2,20,109.98,219.96,62.860000000000014
543,2224,20241025,83,386,233,,2,2,20,341.54,683.08,227.70000000000005
544,2227,20231121,39,389,236,,1,2,24,10.71,21.42,10.740000000000002
545,2228,20241107,84,380,228,,2,2,16,555.53,1111.06,370.3599999999999
546,2232,20251026,81,8,7,,2,4,80,160.0,640.0,213.36
547,2233,20240415,91,2,2,,2,2,30,36.7,73.4,36.7
548,2234,20240515,16,20,13,,2,6,64,221.66,1329.96,601.26
549,2235,20230707,21,15,10,,2,2,36,148.3,296.6,148.3
550,2236,20250209,34,6,5,,2,2,46,279.61,559.22,204.88000000000005
551,2237,20250727,34,21,14,,2,2,60,210.13,420.26,67.32
552,2238,20251230,106,26,15,,2,4,48,553.97,2215.88,692.0800000000002
553,2240,20241215,114,14,2,,3,34,34,121.29,4123.860000000001,2062.44
554,2241,20240706,39,22,8,,5,50,50,10.03,501.49999999999994,250.99999999999997
555,2246,20240406,91,346,205,,5,58,58,36.7,2128.6000000000004,1064.3000000000002
556,2247,20240112,24,344,210,,5,48,48,104.69,5025.12,996.0
557,2249,20231202,34,340,207,,4,14,14,359.6,5034.400000000001,2073.1200000000003
558,2250,20240407,101,355,210,,5,16,16,34.77,556.32,158.88000000000005
559,2251,20250725,105,341,208,,1,2,18,550.0,1100.0,488.91999999999996
560,2253,20230725,112,353,203,,5,2,2,910.82,1821.64,809.6200000000001
561,2254,20250101,113,336,205,,1,2,28,63.27,126.54,56.24000000000001
562,2258,20240605,21,182,101,,1,2,24,147.57,295.14,147.6
563,2259,20241021,24,178,107,,3,106,106,104.69,11097.14,2199.5
564,2260,20240504,29,191,103,,1,4,46,140.42,561.68,175.63999999999993
565,2261,20241030,105,169,102,,5,32,32,488.82,15642.24,5861.76
566,2264,20230520,109,169,102,,1,2,16,1471.08,2942.16,1604.82
567,2265,20250423,109,168,101,,5,12,12,1056.21,12674.52,6003.720000000001
568,2266,20250817,116,185,110,,2,2,28,8.25,16.5,4.5
569,2267,20250412,38,169,102,,5,6,6,170.0,1020.0,540.0
570,2269,20250819,66,58,31,,2,6,56,353.54,2121.2400000000002,687.9600000000002
571,2270,20250420,83,56,17,,1,12,120,294.66,3535.92,762.6000000000001
572,2272,20231012,111,45,17,,5,6,6,1359.72,8158.32,4450.02
573,2273,20250302,111,46,25,,5,6,6,1119.98,6719.88,3665.4600000000005
574,2274,20231226,66,263,151,,3,10,10,460.52,4605.2,2046.6999999999998
575,2276,20250507,34,266,154,,5,48,48,275.29,13213.920000000002,4743.360000000001
576,2277,20241229,109,271,157,,3,70,70,1094.01,76580.7,37510.200000000004
577,2280,20250815,16,205,120,,2,2,42,224.82,449.64,217.26
578,2281,20250313,24,216,121,,2,2,54,110.4,220.8,60.80000000000001
579,2283,20250705,106,218,119,,4,18,18,737.13,13268.34,6411.24
580,2287,20240511,90,196,114,,1,2,14,68.94,137.88,68.94
581,2288,20230813,24,196,114,,4,24,24,119.69,2872.56,791.0399999999998
582,2289,20251020,112,200,114,,3,2,2,849.98,1699.96,755.52
583,2292,20250923,65,242,135,,4,20,20,282.66,5653.200000000001,1386.6000000000004
584,2293,20230819,29,256,139,,1,2,12,182.67,365.34,150.43999999999997
585,2294,20230618,101,245,137,,2,2,18,33.68,67.36,19.28
586,2295,20230928,108,250,141,,4,4,4,789.02,3156.08,1653.1999999999998
587,2297,20240624,39,251,142,,3,68,68,10.03,682.04,341.35999999999996
588,2298,20241214,82,284,165,,1,6,52,189.77,1138.6200000000001,379.56000000000006
589,2301,20241219,115,288,167,,4,6,6,180.13,1080.78,589.56
590,2302,20240906,37,288,167,,1,4,36,12.05,48.2,24.160000000000004
591,2303,20240824,58,232,127,,4,46,46,231.85,10665.1,3602.72
592,2304,20240720,65,240,133,,1,2,18,326.86,653.72,217.90000000000003
593,2305,20250207,81,232,127,,3,20,20,146.66,2933.2,800.0
594,2307,20250625,91,232,127,,3,30,30,33.25,997.5,427.5
595,2308,20240923,11,232,127,,2,2,28,74.22,148.44,55.39999999999999
596,2309,20231114,21,239,130,,2,2,18,148.3,296.6,148.3
597,2311,20250916,105,236,131,,5,2,2,488.89,977.78,366.69999999999993
598,2316,20251101,83,362,215,,2,4,52,346.66,1386.64,462.20000000000005
599,2317,20251023,89,362,215,,2,8,198,3.4,27.2,11.2
600,2319,20241005,29,369,216,,1,4,32,164.08,656.32,270.28000000000003
601,2320,20250422,109,367,219,,1,2,16,1223.0,2446.0,1334.2
602,2321,20250506,58,87,55,,1,4,34,204.0,816.0,216.0
603,2322,20251205,58,132,70,,5,48,48,204.0,9792.0,2592.0
604,2323,20250503,83,82,50,,2,4,48,300.44,1201.76,277.31999999999994
605,2327,20250721,34,77,45,,5,12,12,299.98,3599.76,1482.1200000000003
606,2328,20230824,100,81,49,,2,2,18,22.54,45.08,12.879999999999995
607,2331,20240718,106,101,65,,2,2,22,715.72,1431.44,647.1
608,2338,20230722,114,107,68,,4,12,12,126.73,1520.76,760.44
609,2341,20231207,39,104,58,,4,32,32,10.71,342.72,171.84000000000003
610,2342,20250715,39,103,40,,1,2,46,10.0,20.0,10.0
611,2343,20231104,103,385,232,,1,4,34,4.82,19.28,11.600000000000001
612,2344,20250818,94,4,2,,1,8,168,4.75,38.0,18.0
613,2347,20230828,97,296,173,,1,6,90,4.5,27.0,16.259999999999998
614,2348,20240720,92,349,208,,3,260,260,3.42,889.1999999999999,392.6
615,2350,20240716,98,347,208,,1,2,16,4.78,9.56,5.760000000000001
616,2351,20230402,103,344,210,,1,8,112,4.82,38.56,23.200000000000003
617,2352,20250816,98,299,176,,2,8,138,4.55,36.4,20.4
618,2353,20240805,36,266,154,,2,12,152,5.76,69.12,46.199999999999996
619,2354,20251024,96,268,156,,2,4,38,4.4,17.6,9.600000000000001
620,2355,20251101,96,266,154,,1,2,34,5.0,10.0,6.0
621,2356,20250425,99,267,155,,5,116,116,5.4,626.4000000000001,278.40000000000003
622,2358,20230429,93,198,116,,2,2,134,6.55,13.1,8.44
623,2359,20241122,35,260,148,,1,6,56,5.76,34.56,23.099999999999998
624,2360,20250816,93,256,139,,2,2,30,7.0,14.0,9.0
625,2361,20250812,103,241,134,,2,2,26,5.0,10.0,6.0
626,2362,20230909,93,234,129,,4,54,54,6.55,353.7,227.88
627,2365,20251123,98,98,63,,3,56,56,5.0,280.0,168.0
628,2366,20240821,102,88,56,,2,2,38,5.82,11.64,5.82
629,2368,20230824,12,208,119,,1,2,28,48.88,97.76,32.58
630,2371,20250609,40,281,162,,1,10,112,6.0,60.0,20.0
631,2373,20250531,42,281,162,,2,6,54,21.98,131.88,36.300000000000004
632,2374,20250427,43,280,158,,1,8,124,6.5,52.0,12.0
633,2375,20241210,44,275,160,,4,16,16,54.09,865.44,260.48
634,2376,20251207,44,282,164,,2,2,34,50.0,100.0,30.060000000000002
635,2378,20250517,51,276,161,,1,8,92,559.28,4474.24,689.6799999999998
636,2380,20241014,56,278,162,,5,30,30,84.41,2532.2999999999997,723.5999999999999
637,2381,20250207,56,276,161,,3,34,34,84.0,2856.0,816.0
638,2382,20251226,60,280,158,,4,18,18,33.54,603.72,78.65999999999995
639,2383,20241202,71,281,162,,1,4,60,25.31,101.24,33.75999999999999
640,2384,20240506,71,282,164,,1,12,124,25.31,303.71999999999997,101.27999999999997
641,2385,20251222,71,282,164,,2,6,58,25.0,150.0,49.97999999999999
642,2386,20240513,72,281,162,,1,4,118,27.3,109.2,36.400000000000006
643,2388,20260103,74,280,158,,4,74,74,22.44,1660.5600000000002,344.84000000000003
644,2389,20241127,75,275,160,,2,2,60,30.64,61.28,24.380000000000003
645,2390,20250611,76,282,164,,2,10,96,46.0,460.0,172.5
646,2391,20250526,77,274,159,,2,2,54,27.5,55.0,15.0
647,2393,20250508,2,281,162,,5,30,30,39.99,1199.7,343.20000000000005
648,2394,20251230,3,281,162,,2,2,18,52.99,105.98,35.32000000000001
649,2395,20240203,8,273,158,,5,10,10,59.25,592.5,136.70000000000002
650,2396,20250706,8,274,159,,4,12,12,59.99,719.88,166.08000000000004
651,2397,20241129,9,276,161,,2,2,20,19.78,39.56,19.78
652,2398,20241212,10,280,158,,1,2,26,39.04,78.08,39.04
653,2401,20250615,26,279,163,,2,2,66,90.0,180.0,90.0
654,2402,20241130,27,273,158,,3,40,40,103.37,4134.8,827.2000000000003
655,2405,20240314,31,279,163,,2,2,50,30.71,61.42,20.480000000000004
656,2406,20250722,31,279,163,,2,4,54,30.0,120.0,40.0
657,2407,20251220,31,282,164,,5,40,40,30.0,1200.0,400.0
658,2408,20241026,33,273,158,,1,2,28,113.73,227.46,65.0
659,2409,20251214,33,273,158,,2,2,32,109.98,219.96,62.860000000000014
660,2428,20240606,86,281,162,,1,2,26,63.49,126.98,39.44
661,2430,20241023,113,278,162,,3,16,16,63.27,1012.32,449.9200000000001
662,2431,20251107,36,275,160,,1,2,80,6.0,12.0,8.0
663,2433,20251114,11,302,179,,1,2,68,80.0,160.0,65.88
664,2434,20241002,2,302,179,,1,4,46,37.79,151.16,38.36
665,2435,20240526,4,300,177,,4,50,50,7.21,360.5,165.5
666,2436,20241109,6,301,178,,2,4,76,72.09,288.36,132.48000000000002
667,2437,20251001,6,302,179,,3,84,84,80.0,6720.0,3360.0
668,2438,20240420,7,300,177,,5,68,68,76.23,5183.64,1315.8000000000002
669,2439,20250403,10,300,177,,2,10,108,40.0,400.0,200.0
670,2449,20250930,49,292,170,,5,170,170,13.5,2295.0,595.0
671,2450,20250213,49,292,170,,2,2,36,17.0,34.0,14.0
672,2451,20260101,49,292,170,,4,80,80,13.5,1080.0,280.0
673,2452,20230210,52,292,170,,1,2,116,521.09,1042.18,179.34000000000003
674,2453,20250328,52,292,170,,2,10,106,461.29,4612.900000000001,687.2000000000003
675,2454,20250104,53,292,170,,1,20,348,550.59,11011.800000000001,1223.4000000000003
676,2455,20231129,61,292,170,,5,22,22,17.65,388.29999999999995,129.35999999999999
677,2456,20250130,69,292,170,,1,10,94,13.5,135.0,67.5
678,2457,20250204,70,292,170,,2,8,240,13.84,110.72,50.72
679,2458,20251107,71,292,170,,3,492,492,20.82,10243.44,2041.7999999999993
680,2459,20240608,72,292,170,,1,18,270,22.76,409.68,82.08000000000004
681,2460,20231116,79,292,170,,5,252,252,24.36,6138.72,1096.1999999999994
682,2461,20241119,7,292,170,,2,10,122,68.26,682.6,113.80000000000003
683,2462,20250127,8,292,170,,1,6,70,52.41,314.46,40.97999999999999
684,2463,20250925,9,292,170,,1,4,82,15.0,60.0,20.0
685,2464,20241207,12,292,170,,1,12,128,38.31,459.72,92.16000000000004
686,2465,20240606,15,292,170,,3,24,24,69.68,1672.3200000000002,557.5200000000001
687,2466,20241006,20,292,170,,5,66,66,75.63,4991.58,998.5799999999997
688,2467,20250331,22,292,170,,4,64,64,10.27,657.28,109.43999999999994
689,2468,20251223,83,292,170,,1,2,20,288.88,577.76,115.53999999999996
690,2469,20230925,116,292,170,,3,82,82,8.85,725.6999999999999,144.32
